NodeId,NetworkId,X1,Y1,X2,Y2,Width
"650","650",-1.3937171799999999e+02,2.0252534900000001e+02,-6.4371718000000001e+01,2.0252534900000001e+02,7.5000000000000000e+01
