NodeId,KVLL,OperatingAngle1,OperatingAngle2,OperatingAngle3,PositiveSequenceResistance,PositiveSequenceReactance,ZeroSequenceResistance,ZeroSequenceReactance,SourceConfiguration,OperatingVoltage1,OperatingVoltage2,OperatingVoltage3,ImpedanceUnit
"650",4.1600000000000001e+00,0.0000000000000000e+00,-1.2000000000000000e+02,1.2000000000000000e+02,1.7309999999999999e-03,1.3844000000000000e-02,1.7309999999999999e-03,1.3844000000000000e-02,0,2.4017770000000001e+00,2.4017770000000001e+00,2.4017770000000001e+00,0
