EquipmentId,ComponentMask,PhaseType,NominalRatingKVA,FirstLoadingLimitKVA,SecondLoadingLimitKVA,ThirdLoadingLimitKVA,FourthLoadingLimitKVA,PrimaryVoltageKVLL,SecondaryVoltageKVLL,PosSeqImpedancePercent,ZeroSeqImpedancePercent,ZeroSeqImpedancePrimSecPercent,ZeroSeqImpedancePrimMagPercent,ZeroSeqImpedanceSecMagPercent,XRRatio,TransformerConnection,PrimGroundingResistanceOhms,PrimGroundingReactanceOhms,SecGroundingResistanceOhms,SecGroundingReactanceOhms,NoLoadLossesKW,Reversible,XR0Ratio,XR0PrimSecRatio,XR0PrimMagRatio,XR0SecMagRatio,PhaseShift,Favorite,Comments,DryType
"DEFAULT",0,1,1.0000000000000000e+03,1.0000000000000000e+03,1.0000000000000000e+03,1.0000000000000000e+03,1.0000000000000000e+03,2.4899999999999999e+01,1.2470000000000001e+01,6.0000000000000000e+00,6.0000000000000000e+00,8.0000000000000000e+00,2.0000000000000000e+01,3.0000000000000000e+01,1.0000000000000000e+01,3,0.0000000000000000e+00,0.0000000000000000e+00,0.0000000000000000e+00,0.0000000000000000e+00,0.0000000000000000e+00,0,1.0000000000000000e+01,3.0000000000000000e+01,3.0000000000000000e+01,3.0000000000000000e+01,0,0,,0
"XFM1_XFO",0,2,5.0000101999999998e+02,5.0000101000000001e+02,5.0000101000000001e+02,5.0000101000000001e+02,5.0000101000000001e+02,4.1600000000000001e+00,4.7999999999999998e-01,2.2825000000000002e+00,2.2825000000000002e+00,8.0000000000000000e+00,2.0000000000000000e+01,3.0000000000000000e+01,1.8181000000000000e+00,0,0.0000000000000000e+00,0.0000000000000000e+00,0.0000000000000000e+00,0.0000000000000000e+00,0.0000000000000000e+00,0,1.8181000000000000e+00,3.0000000000000000e+01,3.0000000000000000e+01,3.0000000000000000e+01,0,0,"XFM1_XFO",0
