EquipmentID,PointIndex,Time_s,WindSpeed_ms
"DEFAULT",0,5.0000000000000000e-01,6.5000000000000000e+00
"DEFAULT",1,1.0000000000000000e+00,6.5000000000000000e+00
"DEFAULT",2,1.5000000000000000e+00,7.0999999999999996e+00
"DEFAULT",3,2.0000000000000000e+00,7.0999999999999996e+00
"DEFAULT",4,5.0000000000000000e+00,8.0999999999999996e+00
"DEFAULT",5,1.0000000000000000e+01,8.0999999999999996e+00
"DEFAULT",6,1.5000000000000000e+01,9.5000000000000000e+00
