EquipmentId,PointIndex,TimeField,Insolation
"DEFAULT",0,0.0000000000000000e+00,1.0000000000000000e+03
"DEFAULT",1,5.0000000000000000e-01,2.0000000000000000e+03
"DEFAULT",2,1.0000000000000000e+00,3.0000000000000000e+03
"DEFAULT",3,1.5000000000000000e+00,2.5000000000000000e+03
"DEFAULT",4,2.0000000000000000e+00,1.0000000000000000e+03
