EquipmentId,ComponentMask,NominalCapacityMVA,FirstNominalCapacityMVA,SecondNominalCapacityMVA,ThirdNominalCapacityMVA,FourthNominalCapacityMVA,NominalKVLL,DesiredKVLL,VoltagePhaseAngle,PositiveSequenceResistance,PositiveSequenceReactance,ZeroSequenceResistance,ZeroSequenceReactance,SourceConfiguration,TransformerConnection,UserDefinedHarmonicEnveloppe,ImpedanceUnit,Favorite,Comments
"DEFAULT",0,2.0000000000000000e+02,2.0000000000000000e+02,2.0000000000000000e+02,2.0000000000000000e+02,2.0000000000000000e+02,6.9000000000000000e+01,6.9000000000000000e+01,0.0000000000000000e+00,1.0000000000000001e-01,5.9999999999999998e-01,5.0000000000000000e-01,2.0000000000000000e+00,0,3,0,0,0,
"SUB650DELTA",0,5.0000000000000000e+00,5.0000000000000000e+00,5.0000000000000000e+00,5.0000000000000000e+00,5.0000000000000000e+00,1.1500000000000000e+02,1.1500000000000000e+02,0.0000000000000000e+00,0.0000000000000000e+00,0.0000000000000000e+00,0.0000000000000000e+00,0.0000000000000000e+00,2,3,0,0,0,
"SUB650WYE",0,5.0000000000000000e+00,5.0000000000000000e+00,5.0000000000000000e+00,5.0000000000000000e+00,5.0000000000000000e+00,4.1600000000000001e+00,4.1600000000000001e+00,0.0000000000000000e+00,1.7309999999999999e-03,1.3844000000000000e-02,1.7309999999999999e-03,1.3844000000000000e-02,0,3,0,0,0,
"SUB650WYE_A",0,5.0000000000000000e+00,5.0000000000000000e+00,5.0000000000000000e+00,5.0000000000000000e+00,5.0000000000000000e+00,4.1600000000000001e+00,4.2473599999999996e+00,0.0000000000000000e+00,0.0000000000000000e+00,0.0000000000000000e+00,0.0000000000000000e+00,0.0000000000000000e+00,0,3,0,0,0,
"SUB650WYE_B",0,5.0000000000000000e+00,5.0000000000000000e+00,5.0000000000000000e+00,5.0000000000000000e+00,5.0000000000000000e+00,4.1600000000000001e+00,4.3347199999999999e+00,2.3828000000000000e+02,0.0000000000000000e+00,0.0000000000000000e+00,0.0000000000000000e+00,0.0000000000000000e+00,0,3,0,0,0,
"SUB650WYE_C",0,5.0000000000000000e+00,5.0000000000000000e+00,5.0000000000000000e+00,5.0000000000000000e+00,5.0000000000000000e+00,4.1600000000000001e+00,4.2323800000000000e+00,1.1783000000000000e+02,0.0000000000000000e+00,0.0000000000000000e+00,0.0000000000000000e+00,0.0000000000000000e+00,0,3,0,0,0,
