EquipmentId,ListIndex,Frequency,MagnitudePercent
"DEFAULT",0,1.0000000000000000e+00,5.0000000000000000e+00
"DEFAULT",1,3.0000000000000000e+00,8.0000000000000000e+00
"DEFAULT",2,5.0000000000000000e+00,2.0000000000000000e+00
"DEFAULT",3,7.0000000000000000e+00,3.0000000000000000e+00
"DEFAULT",4,9.0000000000000000e+00,1.0000000000000000e+00
