EquipmentId,ComponentMask,RatedKVAR,RatedVoltageKVLL,CostForFixedBank,CostForSwitchedBank,LossesKW,InterruptingRating,PhaseType,Favorite,Comments
"611CAP",0,1.0000000000000000e+02,2.4017800000000000e+00,0.0000000000000000e+00,0.0000000000000000e+00,0.0000000000000000e+00,6.0000000000000000e+02,1,0,
"675CAP",0,2.0000000000000000e+02,2.4017800000000000e+00,0.0000000000000000e+00,0.0000000000000000e+00,0.0000000000000000e+00,6.0000000000000000e+02,1,0,
"DEFAULT",0,1.0000000000000000e+02,7.2000000000000002e+00,0.0000000000000000e+00,0.0000000000000000e+00,0.0000000000000000e+00,6.0000000000000000e+02,1,0,
