EquipmentId,PointIndex,X,Y
"DEFAULT",1,1.0000000000000000e+03,0.0000000000000000e+00
"DEFAULT",2,2.0000000000000000e+03,5.0000000000000000e-01
"DEFAULT",3,3.0000000000000000e+03,1.0000000000000000e+00
"DEFAULT",4,2.5000000000000000e+03,1.5000000000000000e+00
"DEFAULT",5,1.0000000000000000e+03,2.0000000000000000e+00
