EquipmentId,ComponentMask,PhaseType,RatedKVA,FirstRatedKVA,SecondRatedKVA,ThirdRatedKVA,FourthRatedKVA,RatedKVLN,MaximumBoost,MaximumBuck,BandWidth,CTPrimaryRating,PTRatio,NumberOfTaps,Reversible,Favorite,ConstructionType,EnableBonusRating,BonusRating1,BonusRating2,BonusRating3,BonusRating4,RegulationRange1,RegulationRange2,RegulationRange3,RegulationRange4,MaxRatingCurrent,Comments
"DEFAULT",0,1,4.5000000000000000e+01,4.5000000000000000e+01,4.5000000000000000e+01,4.5000000000000000e+01,4.5000000000000000e+01,1.4400000000000000e+01,1.0000000000000000e+01,1.0000000000000000e+01,2.0000000000000000e+00,1.0000000000000000e+02,6.0000000000000000e+01,32,0,0,0,0,1.1000000000000000e+02,1.2000000000000000e+02,1.3500000000000000e+02,1.6000000000000000e+02,8.7500000000000000e+00,7.5000000000000000e+00,6.2500000000000000e+00,5.0000000000000000e+00,1.0000000000000000e+03,
"REG650-632",0,1,1.5000000000000000e+02,1.5000000000000000e+02,1.5000000000000000e+02,1.5000000000000000e+02,1.5000000000000000e+02,2.4017800000000000e+00,1.0000000000000000e+01,1.0000000000000000e+01,2.0000000000000000e+00,7.0000000000000000e+02,2.0000000000000000e+01,32,0,0,0,0,1.1000000000000000e+02,1.2000000000000000e+02,1.3500000000000000e+02,1.6000000000000000e+02,8.7500000000000000e+00,7.5000000000000000e+00,6.2500000000000000e+00,5.0000000000000000e+00,1.0000000000000000e+03,
