EquipmentID,EquipmentType,SynchronousXd_pu,SynchronousXq_pu,SynchronousXp_pu,TransientXd_pu,TransientXq_pu,TransientTdo,TransientTqo,SubtransientXd_pu,SubtransientXq_pu,SubtransientTdo,SubtransientTqo,InertiaUnits,Inertia
"DEFAULT",34,1.2000000000000000e+00,9.0000000000000002e-01,1.0000000000000001e-01,2.9999999999999999e-01,5.9999999999999998e-01,5.0000000000000000e+00,1.5000000000000000e+00,1.4999999999999999e-01,2.0000000000000001e-01,4.0000000000000001e-02,8.0000000000000002e-02,0,1.0000000000000000e+00
"DEFAULT",36,1.2000000000000000e+00,9.0000000000000002e-01,1.0000000000000001e-01,2.9999999999999999e-01,5.9999999999999998e-01,5.0000000000000000e+00,1.5000000000000000e+00,1.4999999999999999e-01,2.0000000000000001e-01,4.0000000000000001e-02,8.0000000000000002e-02,0,1.0000000000000000e+00
"DEFAULT",40,1.2000000000000000e+00,9.0000000000000002e-01,1.0000000000000001e-01,2.9999999999999999e-01,5.9999999999999998e-01,5.0000000000000000e+00,1.5000000000000000e+00,1.4999999999999999e-01,2.0000000000000001e-01,4.0000000000000001e-02,8.0000000000000002e-02,0,1.0000000000000000e+00
