EquipmentId,ComponentMask,PhaseConductorId,NeutralConductorId,ConductorSpacingId,NominalRating,FirstRating,SecondRating,ThirdRating,FourthRating,PositiveSequenceResistance,PositiveSequenceReactance,ZeroSequenceResistance,ZeroSequenceReactance,PosSeqShuntSusceptance,ZeroSequenceShuntSusceptance,LockImpedance,Favorite,Comments,PosSeqShuntConductance,ZeroSequenceShuntConductance
"DEFAULT",0,"DEFAULT","DEFAULT","DEFAULT",1.0000000000000000e+03,1.0000000000000000e+03,1.0000000000000000e+03,1.0000000000000000e+03,1.0000000000000000e+03,1.2197500000000000e-01,2.0300199999999999e-01,7.3296899999999998e-01,1.8920129999999999e+00,8.4589719999999993e+00,2.4529990000000002e+00,1,0,,0.0000000000000000e+00,0.0000000000000000e+00
"LINE_ZERO",0,"DEFAULT","DEFAULT","DEFAULT",1.0000000000000000e+03,1.0000000000000000e+03,1.0000000000000000e+03,1.0000000000000000e+03,1.0000000000000000e+03,0.0000000000000000e+00,0.0000000000000000e+00,0.0000000000000000e+00,0.0000000000000000e+00,0.0000000000000000e+00,0.0000000000000000e+00,0,0,,0.0000000000000000e+00,0.0000000000000000e+00
