EquipmentId,ComponentMask,PrimaryRatedCapacity,PrimaryCapacityLimit1,PrimaryCapacityLimit2,PrimaryCapacityLimit3,PrimaryCapacityLimit4,PrimaryVoltage,PrimarySecondaryZ1,PrimarySecondaryZ0,PrimarySecondaryXR1Ratio,PrimarySecondaryXR0Ratio,PrimaryRg,PrimaryXg,PrimarySecondaryConnection,SecondaryRatedCapacity,SecondaryCapacityLimit1,SecondaryCapacityLimit2,SecondaryCapacityLimit3,SecondaryCapacityLimit4,SecondaryVoltage,SecondaryTertiaryZ1,SecondaryTertiaryZ0,SecondaryTertiaryXR1Ratio,SecondaryTertiaryXR0Ratio,SecondaryRg,SecondaryXg,TertiaryRatedCapacity,TertiaryCapacityLimit1,TertiaryCapacityLimit2,TertiaryCapacityLimit3,TertiaryCapacityLimit4,TertiaryVoltage,PrimaryTertiaryZ1,PrimaryTertiaryZ0,PrimaryTertiaryXR1Ratio,PrimaryTertiaryXR0Ratio,TertiaryRg,TertiaryXg,TertiaryConnection,Favorite,NoLoadLosses,Comments
"DEFAULT",0,1.0000000000000000e+03,1.0000000000000000e+03,1.0000000000000000e+03,1.0000000000000000e+03,1.0000000000000000e+03,6.9000000000000000e+01,5.7999999999999998e+00,5.7999999999999998e+00,3.5000000000000000e+01,3.5000000000000000e+01,0.0000000000000000e+00,0.0000000000000000e+00,0,1.0000000000000000e+03,1.0000000000000000e+03,1.0000000000000000e+03,1.0000000000000000e+03,1.0000000000000000e+03,1.3800000000000001e+01,3.5000000000000000e+00,3.5000000000000000e+00,3.5000000000000000e+01,3.5000000000000000e+01,0.0000000000000000e+00,0.0000000000000000e+00,1.0000000000000000e+03,1.0000000000000000e+03,1.0000000000000000e+03,1.0000000000000000e+03,1.0000000000000000e+03,1.3800000000000001e+01,1.0100000000000000e+01,1.0100000000000000e+01,3.5000000000000000e+01,3.5000000000000000e+01,0.0000000000000000e+00,0.0000000000000000e+00,2,0,0.0000000000000000e+00,
