EquipmentId,ListIndex,Frequency,Magnitude,Angle
"DEFAULT",0,3.0000000000000000e+00,8.0000000000000000e+00,3.0000000000000000e+01
"DEFAULT",1,5.0000000000000000e+00,6.0000000000000000e+00,3.0000000000000000e+01
"DEFAULT",2,7.0000000000000000e+00,3.0000000000000000e+00,3.0000000000000000e+01
"DEFAULT",3,9.0000000000000000e+00,1.0000000000000000e+00,3.0000000000000000e+01
