EquipmentID,EquipmentType,RotorType,EstimationMethod,StatorRs_ohms,StatorXs_ohms,MagnetisingRm_ohms,MagnetisingXm_ohms,OuterCageRotorRr1_ohms,OuterCageRotorXr1_ohms,InnerCageRotorRr2_ohms,InnerCageRotorXr2_ohms,CageFactorR,CageFactorX,InertiaUnit,Inertia,ImpedanceUnit
"DEFAULT",33,0,1,5.0000000000000003e-02,1.0000000000000000e+00,1.0000000000000000e+03,5.0000000000000000e+01,1.0000000000000001e-01,1.0000000000000000e+00,1.0000000000000001e-01,1.0000000000000000e+00,8.0000000000000004e-01,-1.0000000000000001e-01,0,1.0000000000000000e+00,0
"DEFAULT",35,0,1,5.0000000000000003e-02,1.0000000000000000e+00,1.0000000000000000e+03,5.0000000000000000e+01,1.0000000000000001e-01,1.0000000000000000e+00,1.0000000000000001e-01,1.0000000000000000e+00,8.0000000000000004e-01,-1.0000000000000001e-01,0,1.0000000000000000e+00,0
