DeviceNumber,DeviceType,Forward,NetworkId,RsetA,RsetB,RsetC,XsetA,XsetB,XsetC,SetVoltageA,SetVoltageB,SetVoltageC,InitialTapPosition,InitialTapPositionMode
"650REG",4,0,"650",0.0000000000000000e+00,0.0000000000000000e+00,0.0000000000000000e+00,0.0000000000000000e+00,0.0000000000000000e+00,0.0000000000000000e+00,1.1619000000000000e+02,1.1619000000000000e+02,1.1619000000000000e+02,0.0000000000000000e+00,1
"650REG",4,1,"650",0.0000000000000000e+00,0.0000000000000000e+00,0.0000000000000000e+00,0.0000000000000000e+00,0.0000000000000000e+00,0.0000000000000000e+00,1.1619000000000000e+02,1.1619000000000000e+02,1.1619000000000000e+02,0.0000000000000000e+00,1
