DeviceNumber,NetworkId,PhaseConductorIdA,PhaseConductorIdB,PhaseConductorIdC,NeutralConductorId,ConductorSpacingId,Length,X,Y,Status,ConductorPosition,EarthResistivity,HarmonicModel,FlowConstraintActive,FlowConstraintUnit,MaximumFlow
"L632_633","650","4/0","4/0","4/0","4/0","500",1.5240000000000001e+02,,,0,13,0.0000000000000000e+00,2,0,,
"L632_645","650","NONE","1/0","1/0","1/0","505",1.5240000000000001e+02,,,0,8,0.0000000000000000e+00,2,0,,
"L632_671","650","556_500","556_500","556_500","4/0","500",6.0960019999999997e+02,,,0,11,0.0000000000000000e+00,2,0,,
"L645_646","650","NONE","1/0","1/0","1/0","505",9.1439999999999998e+01,,,0,8,0.0000000000000000e+00,2,0,,
"L650_632","650","556_500","556_500","556_500","4/0","500",6.0960019999999997e+02,,,0,11,0.0000000000000000e+00,2,0,,
"L671_680","650","556_500","556_500","556_500","4/0","500",3.0480000000000001e+02,,,0,11,0.0000000000000000e+00,2,0,,
"L671_684","650","1/0","NONE","1/0","1/0","505",9.1439999999999998e+01,,,0,4,0.0000000000000000e+00,2,0,,
"L684_611","650","NONE","NONE","1/0","1/0","510",9.1440002000000007e+01,,,0,2,0.0000000000000000e+00,2,0,,
