Name, Imax, %normal, %emergency, kW, kvar, NumCustomers, TotalCustomers, NumPhases, kVBase
Line.SW_3,    18397.5,  4599.37,  3066.24,    12500.1, -0.000845519, 0, 0, 3, 0 
Line.SW_2,    36795.2,  9198.81,  6132.54,    25000.4, -0.00169195, 0, 0, 3, 0 
Transformer.TR_3,    533.255,    92.70,    67.98,      12552,    909.791, 0, 0, 3, 0 
Transformer.TR_4,    1066.53,    92.70,    67.98,    25104.4,    1819.64, 0, 0, 3, 0 
Transformer.TR_2,     533.26,    92.70,    67.98,    12552.1,    909.808, 0, 0, 3, 0 
Transformer.TR_1,    255.965,    92.70,    67.98,    50417.7,    7278.49, 0, 0, 3, 0 
Line.006-PCC,    2133.04,   533.26,   355.51,    50209.8,    3639.24, 0, 0, 3, 0 
