Element, I1_1, Ang1_1, I1_2, Ang1_2, I1_3, Ang1_3, I1_4, Ang1_4, Iresid1, AngResid1, I2_1, Ang2_1, I2_2, Ang2_2, I2_3, Ang2_3, I2_4, Ang2_4, Iresid2, AngResid2
Vsource.SOURCE, 9.31323E-10,   180.00, 1.91997E-9,    14.04, 2.63418E-9,    45.00,          0,     0.00, 3.63693E-9,    39.81, 9.31323E-10,     0.00, 1.91997E-9,  -165.96, 2.63418E-9,  -135.00,          0,     0.00, 3.63693E-9,  -140.19
Vsource.VS1,    23853.6,   124.83,    23853.6,     4.83,    23853.6,  -115.17,          0,     0.00, 2.91368E-6,  -175.08,    23853.6,   -55.17,    23853.6,  -175.17,    23853.6,    64.83,          0,     0.00, 2.91368E-6,     4.92
Line.LINE1,    23853.6,   -55.17,    23853.6,  -175.17,    23853.6,    64.83,          0,     0.00, 2.91175E-6,     4.84,    23853.6,   124.83,    23853.6,     4.83,    23853.6,  -115.17,          0,     0.00, 2.91175E-6,  -175.16
Line.LINE2,    23853.6,   -55.17,    23853.6,  -175.17,    23853.6,    64.83,          0,     0.00, 2.91176E-6,     4.84,    23853.6,   124.83,    23853.6,     4.83,    23853.6,  -115.17,          0,     0.00, 2.91177E-6,  -175.16
Line.LINE3,    918.549,  -179.10,    918.549,    60.90,    918.549,   -59.10,          0,     0.00, 2.31632E-11,     2.81,    918.549,     0.90,    918.549,  -119.10,    918.549,   120.90,          0,     0.00, 2.34471E-11,  -177.22
Line.LINE4, 0.000141164,   144.86, 0.000141164,    24.86, 0.000141164,   -95.14,          0,     0.00, 2.31336E-13,  -169.38, 2.92964E-14,   -75.96, 5.72858E-14,    29.74, 2.34371E-13,   104.04,          0,     0.00, 2.27374E-13,    90.00
Fault.F1,    24378.2,   -53.38,    24378.2,  -173.38,    24378.2,    66.62,          0,     0.00, 2.91175E-6,     4.84,    24378.2,   126.62,    24378.2,     6.62,    24378.2,  -113.38,          0,     0.00, 2.91175E-6,  -175.16
PVSystem.PV,    918.549,  -179.10,    918.549,    60.90,    918.549,   -59.10, 2.30765E-11,  -175.87, 6.64928E-14,   141.07,          0,     0.00,          0,     0.00,          0,     0.00,          0,     0.00,          0,     0.00
