Freq, Harmonic, V1, VAngle1, V2, VAngle2, V3, VAngle3, I1, IAngle1, I2, IAngle2, I3, IAngle3
60, 1.00000, 2491.81, -0.0019491, 2491.82, -120.001, 2491.82, 119.998, 631.435, -21.5683, 409.015, -139.269, 503.375, 101.555
180, 3.00000, 0.00330523, -41.8214, 0.00241653, -56.8761, 0.00266639, -41.579, 9.49789, 63.6997, 7.00626, 57.1335, 8.098, 66.629
300, 5.00000, 0.102318, -73.9172, 0.083275, 53.5938, 0.0898776, 161.416, 143.604, 15.7997, 112.729, 143.05, 123.541, -107.312
420, 7.00000, 0.0540378, 127.192, 0.0587784, 21.1044, 0.0735245, -108.08, 51.712, -143.429, 59.0074, 109.888, 72.8836, -16.7055
540, 9.00000, 0.00161058, 142.658, 0.00104528, 89.467, 0.00143499, 145.234, 1.99902, -102.403, 1.07731, -116.625, 1.8994, -99.3257
660, 11.00000, 0.0195212, 101.616, 0.0121734, -112.921, 0.0177594, -2.66429, 15.1534, -167.263, 5.7241, -42.0359, 10.516, 102.507
780, 13.00000, 0.0235311, 54.209, 0.0136607, -87.2864, 0.0146827, -170.568, 12.2845, 147.457, 7.03495, -2.78265, 8.44614, -82.7511
