s701a_pv,s730c_pv
0.982467298,0.985155168
1.012467298,1.015155168
1.012467298,1.015155168
1.042467298,1.045155168
1.062467298,1.065155168
