{
    "line_codes": [
        {
            "num_phases": 1, 
            "line_code": 0, 
            "xmatrix": [
                [
                    0.281345, 
                    0.0, 
                    0.0
                ], 
                [
                    0.0, 
                    0.0, 
                    0.0
                ], 
                [
                    0.0, 
                    0.0, 
                    0.0
                ]
            ], 
            "rmatrix": [
                [
                    0.530208, 
                    0.0, 
                    0.0
                ], 
                [
                    0.0, 
                    0.0, 
                    0.0
                ], 
                [
                    0.0, 
                    0.0, 
                    0.0
                ]
            ]
        }, 
        {
            "num_phases": 1, 
            "line_code": 1, 
            "xmatrix": [
                [
                    0.0, 
                    0.281345, 
                    0.0
                ], 
                [
                    0.0, 
                    0.0, 
                    0.0
                ], 
                [
                    0.0, 
                    0.0, 
                    0.0
                ]
            ], 
            "rmatrix": [
                [
                    0.0, 
                    0.530208, 
                    0.0
                ], 
                [
                    0.0, 
                    0.0, 
                    0.0
                ], 
                [
                    0.0, 
                    0.0, 
                    0.0
                ]
            ]
        }, 
        {
            "num_phases": 1, 
            "line_code": 2, 
            "xmatrix": [
                [
                    0.0, 
                    0.281345, 
                    0.0
                ], 
                [
                    0.0, 
                    0.0, 
                    0.0
                ], 
                [
                    0.0, 
                    0.0, 
                    0.0
                ]
            ], 
            "rmatrix": [
                [
                    0.0, 
                    0.530208, 
                    0.0
                ], 
                [
                    0.0, 
                    0.0, 
                    0.0
                ], 
                [
                    0.0, 
                    0.0, 
                    0.0
                ]
            ]
        }, 
        {
            "num_phases": 3, 
            "line_code": 3, 
            "xmatrix": [
                [
                    0.25270833, 
                    0.10945075999999998, 
                    0.09498106
                ], 
                [
                    0.10945075999999998, 
                    0.25698864, 
                    0.08695076
                ], 
                [
                    0.09498106, 
                    0.08695076, 
                    0.25513258
                ]
            ], 
            "rmatrix": [
                [
                    0.25318182, 
                    0.03979167, 
                    0.04034091
                ], 
                [
                    0.03979167, 
                    0.2507197, 
                    0.03912879
                ], 
                [
                    0.04034091, 
                    0.03912879, 
                    0.2517803
                ]
            ]
        }, 
        {
            "num_phases": 1, 
            "line_code": 4, 
            "xmatrix": [
                [
                    0.281345, 
                    0.0, 
                    0.0
                ], 
                [
                    0.0, 
                    0.0, 
                    0.0
                ], 
                [
                    0.0, 
                    0.0, 
                    0.0
                ]
            ], 
            "rmatrix": [
                [
                    0.530208, 
                    0.0, 
                    0.0
                ], 
                [
                    0.0, 
                    0.0, 
                    0.0
                ], 
                [
                    0.0, 
                    0.0, 
                    0.0
                ]
            ]
        }
    ]
}