Year, kWh, kvarh, "Peak kW", "peak kVA", "Losses kWh", "Losses kvarh", "Peak Losses kW"
0, 26135000.6201986, 12496278.0637812, 7159.82706462325, 7975.47720918669, 759115.77028291, 2059816.69169578, 258.589429246383
