{
  "line_codes": [
  
          {
            "line_code":0,
            "num_phases":3,
            "rmatrix":[
                [
          9.45179584120983E-9,
          0.0,
          0.0
                ],
                [
          0.0,
          9.45179584120983E-9,
          0.0
                ],
                [
          0.0,
          0.0,
          9.45179584120983E-9
                ]
            ],
            "xmatrix":[
                [
          0.0,
          0.0,
          0.0
                ],
                [
          0.0,
          0.0,
          0.0
                ],
                [
          0.0,
          0.0,
          0.0
                ]
            ]
  },
  
  
    {
      "num_phases": 3,
      "line_code": 721,
      "rmatrix": [
        [
          0.00010475741,
          2.409491e-5,
          1.206536e-5
        ],
        [
          2.409491e-5,
          9.473277e-5,
          2.409491e-5
        ],
        [
          1.206536e-5,
          2.409491e-5,
          0.00010475741
        ]
      ],
      "xmatrix": [
        [
          7.063784e-5,
          -1.317523e-5,
          -1.492954e-5
        ],
        [
          -1.317523e-5,
          6.802429e-5,
          -1.317523e-5
        ],
        [
          -1.492954e-5,
          -1.317523e-5,
          7.063784e-5
        ]
      ]
    },
    {
      "num_phases": 3,
      "line_code": 722,
      "rmatrix": [
        [
          0.00017009652,
          5.832187e-5,
          4.417998e-5
        ],
        [
          5.832187e-5,
          0.00016068052,
          5.832187e-5
        ],
        [
          4.417998e-5,
          5.832187e-5,
          0.00017009652
        ]
      ],
      "xmatrix": [
        [
          0.00010644011,
          -1.167153e-5,
          -2.173196e-5
        ],
        [
          -1.167153e-5,
          9.587844e-5,
          -1.167153e-5
        ],
        [
          -2.173196e-5,
          -1.167153e-5,
          0.00010644011
        ]
      ]
    },
    {
      "num_phases": 3,
      "line_code": 723,
      "rmatrix": [
        [
          0.00046313799,
          0.00017439279,
          0.00016415334
        ],
        [
          0.00017439279,
          0.00046621699,
          0.00017439279
        ],
        [
          0.00016415334,
          0.00017439279,
          0.00046313799
        ]
      ],
      "xmatrix": [
        [
          0.00024034054,
          7.557856e-5,
          5.445523e-5
        ],
        [
          7.557856e-5,
          0.00022648508,
          7.557856e-5
        ],
        [
          5.445523e-5,
          7.557856e-5,
          0.00024034054
        ]
      ]
    },
    {
      "num_phases": 3,
      "line_code": 724,
      "rmatrix": [
        [
          0.00075012888,
          0.00018631495,
          0.00017636192
        ],
        [
          0.00018631495,
          0.00075428194,
          0.00018631495
        ],
        [
          0.00017636192,
          0.00018631495,
          0.00075012888
        ]
      ],
      "xmatrix": [
        [
          0.00027775391,
          9.802657e-5,
          7.600818e-5
        ],
        [
          9.802657e-5,
          0.0002648651,
          9.802657e-5
        ],
        [
          7.600818e-5,
          9.802657e-5,
          0.00027775391
        ]
      ]
    }
  ]
}

