{
    "climate": {
        "Direct Normal (W/sf)": [
            0.0, 
            0.0, 
            0.0, 
            0.0, 
            0.0, 
            0.0, 
            0.0, 
            0.092903, 
            0.0, 
            0.0, 
            0.185806, 
            0.0, 
            0.092903, 
            0.185806, 
            0.092903, 
            0.185806, 
            0.092903, 
            0.092903, 
            0.0, 
            0.0, 
            0.0, 
            0.0, 
            0.0, 
            0.0
        ], 
        "Wind Speed (m/s)": null, 
        "Temperature (F)": [
            41.362, 
            40.642, 
            39.922, 
            39.022, 
            37.942, 
            36.862, 
            35.602, 
            35.422, 
            35.062, 
            35.422, 
            35.602, 
            35.962, 
            35.962, 
            35.962, 
            35.962, 
            35.602, 
            35.422, 
            35.062, 
            34.702, 
            34.342, 
            33.982, 
            33.622, 
            33.442, 
            33.082
        ], 
        "Rain Fall (in/h)": [
            0.43307, 
            0.43307, 
            0.43307, 
            0.43307, 
            0.43307, 
            0.43307, 
            0.43307, 
            0.43307, 
            0.43307, 
            0.43307, 
            0.43307, 
            0.43307, 
            0.43307, 
            0.43307, 
            0.3937, 
            0.43307, 
            0.43307, 
            0.43307, 
            0.3937, 
            0.3937, 
            0.3937, 
            0.3937, 
            0.35433, 
            0.35433
        ], 
        "Snow Depth (in)": [
            1.1811, 
            1.1811, 
            1.1811, 
            1.1811, 
            1.1811, 
            1.1811, 
            1.1811, 
            1.1811, 
            1.1811, 
            1.1811, 
            1.1811, 
            1.1811, 
            1.1811, 
            1.1811, 
            1.1811, 
            1.1811, 
            1.1811, 
            1.1811, 
            1.1811, 
            1.1811, 
            1.1811, 
            1.1811, 
            1.1811, 
            1.1811
        ], 
        "Global Horizontal (W/sm)": [
            0.0, 
            0.0, 
            0.0, 
            0.0, 
            0.0, 
            0.0, 
            33.999994104, 
            126.000294736, 
            146.99962626400003, 
            348.00076277600004, 
            391.000470392, 
            463.00033127200004, 
            436.000114344, 
            427.000400832, 
            235.00005422400002, 
            295.000297088, 
            207.999837296, 
            111.999663992, 
            26.000033481600003, 
            0.0, 
            0.0, 
            0.0, 
            0.0, 
            0.0
        ]
    }, 
    "Consumption": {
        "DG": [
            0.0, 
            0.0, 
            0.0, 
            0.0, 
            0.0, 
            0.0, 
            271885.80000000005, 
            1014462.0, 
            1174464.0, 
            2767884.0, 
            3124860.0, 
            3688830.0, 
            3474510.0, 
            3410670.0, 
            1875927.0, 
            2361423.0, 
            1668525.0, 
            902742.0, 
            207950.69999999998, 
            0.0, 
            0.0, 
            0.0, 
            0.0, 
            0.0
        ], 
        "Losses": [
            2674.1311541120813, 
            20134.741344321985, 
            4974.533752650705, 
            7576.740809688593, 
            15553.045597081004, 
            8084.226878462583, 
            10607.766622365878, 
            22352.173266510552, 
            31113.13136023775, 
            172388.91719086206, 
            227936.8824904645, 
            327767.739399832, 
            281948.1589492628, 
            273328.70247928775, 
            76700.60077566872, 
            119040.0321108994, 
            65166.18632094136, 
            17580.283996780443, 
            9718.128215597524, 
            15660.958182596467, 
            11713.035028960305, 
            13726.256969754788, 
            17460.254361865198, 
            13126.936782236151
        ], 
        "Power": [
            -371997.2975950229, 
            1584527.8086490026, 
            721295.9514209476, 
            886672.955719864, 
            1433360.4446016501, 
            948552.8165490259, 
            1101065.6982233212, 
            29558.576551654172, 
            -174370.19604611333, 
            -1492637.794666998, 
            -2360640.825496543, 
            -2792697.9633789617, 
            -2642741.4688917263, 
            -2606810.971866583, 
            -1154770.1384562384, 
            -953401.3234813764, 
            -988395.7977559597, 
            86318.69646026868, 
            1154981.874284181, 
            1265759.5452953337, 
            1293442.015808811, 
            1288702.6436183795, 
            1548275.4528810724, 
            1201963.097751341
        ]
    }, 
    "stdout": "Core profiler results\n======================\n\nTotal objects               2284 objects\nParallelism                    1 thread\nTotal time                   3.0 seconds\n  Core time                  1.7 seconds (55.2%)\n    Compiler                 3.9 seconds (129.3%)\n    Instances                0.0 seconds (0.0%)\n    Random variables         0.0 seconds (0.0%)\n    Schedules                0.0 seconds (0.0%)\n    Loadshapes               0.0 seconds (0.1%)\n    Enduses                  0.0 seconds (0.1%)\n    Transforms               0.0 seconds (0.4%)\n  Model time                 1.3 seconds/thread (44.8%)\nSimulation time                1 days\nSimulation speed              18k object.hours/second\nPasses completed              26 passes\nTime steps completed          25 timesteps\nConvergence efficiency      1.04 passes/timestep\nRead lock contention        0.0%\nWrite lock contention       0.0%\nAverage timestep           3456 seconds/timestep\nSimulation rate           28800 x realtime\n\n\nModel profiler results\n======================\n\nClass            Time (s) Time (%) msec/obj\n---------------- -------- -------- --------\nnode               0.940     69.9%      1.9\nclimate            0.154     11.4%    154.0\ncollector          0.044      3.3%      8.8\noverhead_line      0.041      3.0%      0.1\nhouse              0.036      2.7%      0.1\ngroup_recorder     0.029      2.2%      9.7\nwaterheater        0.027      2.0%      0.1\ntransformer        0.024      1.8%      0.1\ntriplex_meter      0.022      1.6%      0.1\nZIPload            0.011      0.8%      0.0\nunderground_line   0.009      0.7%      0.1\nfuse               0.006      0.4%      0.1\nmeter              0.001      0.1%      1.0\nswitch             0.001      0.1%      0.1\n================ ======== ======== ========\nTotal              1.345    100.0%      0.6", 
    "allMeterVoltages": {
        "Max": [
            120.344, 
            119.9945, 
            120.0655, 
            120.0465, 
            120.0255, 
            120.047, 
            120.282, 
            122.5, 
            123.321, 
            127.3675, 
            128.1105, 
            130.4225, 
            129.5115, 
            129.274, 
            124.6795, 
            126.129, 
            124.5985, 
            122.3965, 
            120.111, 
            120.196, 
            120.069, 
            119.998, 
            120.041, 
            119.9955
        ],