s701a_pv,s702a_pv,s703a_pv
0.9743519554944855,0.9514155584811897,0.9789420157221018
1.0043519554944855,0.9814155584811898,1.0089420157221018
1.0343519554944856,1.01141555848119,1.0389420157221019
1.0343519554944856,1.01141555848119,1.0389420157221019
1.0643519554944856,1.04141555848119,1.068942015722102